PG.ProteinAccessions,PG.ProteinNames,PEP.PeptidePosition,PEP.StrippedSequence,pval,dif,file_name,PEP.PeptideID,PEP.Region,alpha_helix,beta_sheet,bend,type,region,description
O08547,SC22B,133,RNLGSINTELQDVQR,0.013218815,0.506821794,O08547.cif,O08547-133-12591,133-147,"133,134,138,139,140,141,142,143,144,145,146,147",,,Domain,134-194,v-SNARE coiled-coil homology
O35143,ATIF1,61,EKTKEQLAALR,0.938027313,0.046724237,O35143.cif,O35143-61-12591,61-71,"61,62,63,64,65,66,67,68,69,70,71",,,Coiled coil,60-106,
O35343,IMA3,2,ADNEKLDNQR,0.996765883,-0.000532476,O35343.cif,O35343-2-12591,2-11,"2,3,4,5,6,7,8,9,10,11",,,Domain,2-58,IBB
O35344,IMA4,2,AENPGLENHR,0.013601204,0.469283133,O35344.cif,O35344-2-12591,2-11,"5,6,7,8,9,10,11",,,Domain,2-58,IBB
O35345,IMA7,1,METMASPGKDNYR,0.683439497,0.186461686,O35345.cif,O35345-1-12591,1-13,,,"9,12,13",Domain,1-60,IBB
O35874,SATT,494,VEAIPNSK,0.292701898,0.288559019,O35874.cif,O35874-494-12591,494-501,"494,495",,497,Region,495-532,Disordered
O54946,DNJB6,2,VDYYEVLGVQR,0.048229378,0.561979245,O54946.cif,O54946-2-12591,2-12,"4,5,6,7,8",,,Domain,3-69,J
O70252,HMOX2,2,SSEVETSEGVDESEKNSMAPEKENHTK,0.186710505,-0.30395999,O70252.cif,O70252-2-12591,2-28,,,,Region,1-28,Disordered
O70439,STX7,128,VSGGFPEDSSKEK,0.899324652,-0.049542791,O70439.cif,O70439-128-12591,128-140,128,,130,Region,128-148,Disordered
O70493,SNX12,2,SDTAVADTR,0.239287102,0.723804817,O70493.cif,O70493-2-12591,2-10,"10,11",,,Region,1-20,Disordered
O70493,SNX12,2,SDTAVADTRR,0.060767976,0.18033209,O70493.cif,O70493-2-12591,2-11,"10,11",,,Region,1-20,Disordered
O88569,ROA2,191,QEMQEVQSSR,0.873593393,-0.07816625,O88569.cif,O88569-191-12591,191-200,"191,192,193,194,195,196,197,198,199,200",,,Compositional bias,191-205,Polar residues
O88935,SYN1,613,TGPPTTQQPR,0.298383758,-0.253250334,O88935.cif,O88935-613-12591,613-622,,,,Compositional bias,614-630,Pro residues
O88952,LIN7C,2,AALGEPVRLER,0.670136879,-0.09043439,O88952.cif,O88952-2-12591,2-12,"10,11,12",,6,Motif,2-13,Kinase interacting site
P00920,CAH2,2,SHHWGYSK,0.750022011,0.074458309,P00920.cif,P00920-2-12591,2-9,,,"7,8",Domain,3-259,Alpha-carbonic anhydrase
P01942,HBA,2,VLSGEDKSNIK,0.680872866,0.128068554,P01942.cif,P01942-2-12591,2-12,"2,3,4,5,6,7,8,9,10,11,12",,,Domain,2-142,Globin
P02088,HBB1,2,VHLTDAEK,0.06162596,-0.196259041,P02088.cif,P02088-2-12591,2-9,"6,7,8,9",,,Domain,3-147,Globin
P03995,GFAP,374,ITIPVQTFSNLQIR,0.966955502,0.026944313,P03995.cif,P03995-374-12591,374-387,374,,"375,376",Region,375-430,Tail
P10126,EF1A1,6,THINIVVIGHVDSGK,0.704571061,-0.335675086,P10126.cif,P10126-6-12591,6-20,20,"6,7,8,9,10,11,12,13,14","18,19",Domain,5-242,tr-type G
P10711,TCEA1,76,LLDGPSTDKDPEEK,0.776253998,-0.154978016,P10711.cif,P10711-76-12591,76-89,"76,77",,"78,80",Region,76-139,Disordered
P14685,PSMD3,496,SYNKDLESAEER,0.630306578,0.088502201,P14685.cif,P14685-496-12591,496-507,"496,497,498,499,500,501,502,503,504,505,506,507,508",,,Region,496-530,Disordered
P14685,PSMD3,496,SYNKDLESAEERR,0.491358306,-0.075607438,P14685.cif,P14685-496-12591,496-508,"496,497,498,499,500,501,502,503,504,505,506,507,508",,,Region,496-530,Disordered
P14733,LMNB1,391,LSPSPSSR,0.047361566,0.660773848,P14733.cif,P14733-391-12591,391-398,"391,392,393,394,395",,,Region,391-433,Disordered
P14873,MAP1B,2044,ITKTPQASTYSYETSDR,0.739605379,0.09891466,P14873.cif,P14873-2044-12591,2044-2060,,,,Repeat,2044-2060,MAP1B 10
P16546,SPTN1,2405,SSEEIESAFR,0.529755704,-0.046901907,P16546.cif,P16546-2405-12591,2405-2414,"2406,2407,2408,2409,2410,2411,2412,2413,2414",,,Domain,2404-2439,EF-hand 3
P17156,HSP72,613,LYQGGPGGGGSSGGPTIEEVD,0.117665345,-0.193706203,P17156.cif,P17156-613-12591,613-633,"613,614,615,630,631,632",,617,Region,613-633,Disordered
P19246,NFH,94,SEKEQLQALNDR,0.150061447,0.591503361,P19246.cif,P19246-94-12591,94-105,"94,95,96,97,98,99,100,101,102,103,104,105",,,Domain,95-411,IF rod
P20357,MTAP2,1724,VKIESVK,0.928821093,0.021437736,P20357.cif,P20357-1724-12591,1724-1730,,,1724,Repeat,1724-1755,Tau/MAP 3
P26350,PTMA,2,SDAAVDTSSEITTK,0.428208555,0.167360386,P26350.cif,P26350-2-12591,2-15,"16,17,18",,,Region,1-111,Disordered
P26350,PTMA,2,SDAAVDTSSEITTKDLK,0.50234056,-0.258440908,P26350.cif,P26350-2-12591,2-18,"16,17,18",,,Region,1-111,Disordered
P27773,PDIA3,483,EATNPPIIQEEKPK,0.818812597,-0.017530633,P27773.cif,P27773-483-12591,483-496,"483,490,491,492,493,494,495",,"484,485,486",Region,484-505,Disordered
P27773,PDIA3,483,EATNPPIIQEEKPKK,0.090188592,0.414110354,P27773.cif,P27773-483-12591,483-497,"483,490,491,492,493,494,495",,"484,485,486",Region,484-505,Disordered
P30416,FKBP4,427,AEVAAGDHPTDAEMKGER,0.534289097,-0.176778558,P30416.cif,P30416-427-12591,427-444,"427,428,429,430,431",,,Region,428-458,Disordered
P31648,SC6A1,2,ATDNSKVADGQISTEVSEAPVASDKPK,0.367945512,0.274771784,P31648.cif,P31648-2-12591,2-28,,,22,Compositional bias,1-19,Polar residues
P31650,S6A11,2,TAEQALPLGNGK,0.231118452,-0.198607823,P31650.cif,P31650-2-12591,2-13,,,13,Region,1-36,Disordered
P31786,ACBP,2,SQAEFDKAAEEVK,0.329249773,0.253639553,P31786.cif,P31786-2-12591,2-14,"3,4,5,6,7,8,9,10,11,12,13,14,15",,,Domain,2-87,ACB
P31786,ACBP,2,SQAEFDKAAEEVKR,0.543287344,-0.067701635,P31786.cif,P31786-2-12591,2-15,"3,4,5,6,7,8,9,10,11,12,13,14,15",,,Domain,2-87,ACB
P37040,NCPR,280,NPFLAAVTTNR,0.512465835,-0.060666278,P37040.cif,P37040-280-12591,280-290,,"282,283,284,285,286,287,288,289,290",280,Domain,279-521,FAD-binding FR-type
P41242,MATK,482,SVGVSAPAGGQEAEGSAPTR,0.868328056,-0.085143427,P41242.cif,P41242-482-12591,482-501,"482,483,484,485",,487,Region,483-505,Disordered
P43006,EAA2,2,ASTEGANNMPK,0.588493935,0.060791904,P43006.cif,P43006-2-12591,2-12,"10,11,12",,,Region,1-28,Disordered
P43274,H14,35,TSGPPVSELITK,0.176369344,-0.130830677,P43274.cif,P43274-35-12591,35-46,"40,41,42,43,44,45,46",,"36,37",Domain,36-109,H15
P43276,H15,35,ATGPPVSELITK,0.158803781,-0.344401053,P43276.cif,P43276-35-12591,35-46,"40,41,42,43,44,45,46",,"36,37",Domain,36-109,H15
P43277,H13,36,ASGPPVSELITK,0.058946793,-0.550721647,P43277.cif,P43277-36-12591,36-47,"41,42,43,44,45,46,47",,"37,38",Domain,37-110,H15
P45878,FKBP2,47,GDVLHMHYTGK,0.424052941,-0.228803046,P45878.cif,P45878-47-12591,47-57,,"49,50,51,52,53,54,55,56,57",,Domain,47-135,PPIase FKBP-type
P45878,FKBP2,46,KGDVLHMHYTGK,0.515381346,0.476535983,P45878.cif,P45878-46-12591,46-57,,"49,50,51,52,53,54,55,56,57",,Domain,47-135,PPIase FKBP-type
P46471,PRS7,2,PDYLGADQR,0.756698288,-0.086663802,P46471.cif,P46471-2-12591,2-10,"7,8,9",,,Region,1-21,Disordered
P46471,PRS7,2,PDYLGADQRK,0.175165235,0.256533462,P46471.cif,P46471-2-12591,2-11,"7,8,9",,,Region,1-21,Disordered
P47708,RP3A,277,PAPAPVPSPAPPQPVQPGPPGGSR,0.071152844,-0.696085695,P47708.cif,P47708-277-12591,277-300,"277,278,279,280,281,283,284,285,286,287,288",,,Compositional bias,278-302,Pro residues
P47708,RP3A,161,QVLPQPMPIKK,0.196235694,0.253908317,P47708.cif,P47708-161-12591,161-171,"163,164,165,166,167,168,169",,,Region,162-375,Disordered
P47915,RL29,135,AQASAPAQAPK,0.494178514,-0.115676636,P47915.cif,P47915-135-12591,135-145,,,,Repeat,135-142,2
P48320,DCE2,2,ASPGSGFWSFGSEDGSADPENPGTAR,0.625713227,0.321006986,P48320.cif,P48320-2-12591,2-27,"23,24,25,26,27",,,Region,1-24,Disordered
P49586,PCY1A,342,TSPSSSPASLSR,0.166562059,0.386256287,P49586.cif,P49586-342-12591,342-353,,,,Repeat,343-348,3
P53395,ODB2,171,TLATPAVR,0.284571324,0.18641255,P53395.cif,P53395-171-12591,171-178,"175,176,177,178",173,,Domain,172-209,Peripheral subunit-binding (PSBD)
P54285,CACB3,459,LLAQDSEHDHNDRNWQR,0.673366441,0.167569153,P54285.cif,P54285-459-12591,459-475,"471,472,473,474",,"459,460,461,462,463,466,467",Compositional bias,458-484,Basic and acidic residues
P56564,EAA1,521,KPYQLIAQDNEPEKPVADSETK,0.561075828,0.117470689,P56564.cif,P56564-521-12591,521-542,,,,Region,522-543,Disordered
P57784,RU2A,222,GLLQSGQIPGR,0.159030199,-0.269796486,P57784.cif,P57784-222-12591,222-232,"222,223,224,225,228,229",,,Region,222-255,Disordered
P59325,IF5,144,NPPENSDIGTGKK,0.619990139,0.109291615,P59325.cif,P59325-144-12591,144-156,"147,148,149",,"144,153",Region,143-216,Disordered
P60469,LIPA3,1156,SAAAGALGSPGLPLR,0.624776979,0.185307274,P60469.cif,P60469-1156-12591,1156-1170,,,,Region,1157-1194,Disordered
P60469,LIPA3,1156,SAAAGALGSPGLPLRK,0.047131144,1.191715575,P60469.cif,P60469-1156-12591,1156-1171,,,,Region,1157-1194,Disordered
P61965,WDR5,15,AQPTPSSSATQSKPTPVKPNYALK,0.888479747,-0.12079828,P61965.cif,P61965-15-12591,15-38,"26,27,28,29","36,37,38",,Compositional bias,14-31,Polar residues
P61965,WDR5,2,ATEEKKPETEAAR,0.080854514,0.277486613,P61965.cif,P61965-2-12591,2-14,,,,Region,1-31,Disordered
P62137,PP1A,306,YGQFSGLNPGGRPITPPR,0.229277439,0.426551057,P62137.cif,P62137-306-12591,306-323,"306,307,308,317,319,320,321,322","312,318","316,323",Region,306-330,Disordered
P62960,YBOX1,117,GAEAANVTGPGGVPVQGSK,0.666609042,0.294245972,P62960.cif,P62960-117-12591,117-135,"126,127,128,129,130,131","117,118,119,120,121,122,123,124",125,Region,118-322,Disordered
P63024,VAMP3,19,LQQTQNQVDEVVDIMR,0.324128561,-0.96759282,P63024.cif,P63024-19-12591,19-34,"19,20,21,22,23,24,25,26,27,28,29,30,31,32,33,34",,,Domain,18-78,v-SNARE coiled-coil homology
P63044,VAMP2,32,LQQTQAQVDEVVDIMR,0.577771753,-0.226031341,P63044.cif,P63044-32-12591,32-47,"32,33,34,35,36,37,38,39,40,41,42,43,44,45,46,47",,,Domain,31-91,v-SNARE coiled-coil homology
P63044,VAMP2,31,RLQQTQAQVDEVVDIMR,0.978317568,-0.012265471,P63044.cif,P63044-31-12591,31-47,"31,32,33,34,35,36,37,38,39,40,41,42,43,44,45,46,47",,,Domain,31-91,v-SNARE coiled-coil homology
P69566,RANB9,395,SQDSYPVSPR,0.714437256,0.092355778,P69566.cif,P69566-395-12591,395-404,,,,Compositional bias,395-422,Polar residues
P70268,PKN1,880,SLGWDVLLAR,0.393904202,0.321693508,P70268.cif,P70268-880-12591,880-889,"883,884,885,886,887",,,Domain,879-946,AGC-kinase C-terminal
P70296,PEBP1,94,GNDISSGTVLSDYVGSGPPSGTGLHR,0.38045236,-0.187588144,P70296.cif,P70296-94-12591,94-119,"97,98,99,111,112,117","96,101,102,103,104,118,119","100,115",Region,93-134,Interaction with RAF1
P97371,PSME1,59,APLDIPVPDPVKEK,0.006380817,-0.696601534,P97371.cif,P97371-59-12591,59-72,"63,64,65,66,67,68,69,70,71,72",,,Region,59-102,Disordered
P97441,ZNT3,1,MEPSLATGGSETTR,0.443190414,-0.221848439,P97441.cif,P97441-1-12591,1-14,,,,Region,1-41,Disordered
P97441,ZNT3,1,MEPSLATGGSETTR,0.443190414,-0.221848439,P97441.cif,P97441-1-12591,1-14,,,,Compositional bias,1-19,Polar residues
Q00915,RET1,23,ALDVNVALRK,0.168463864,0.318650544,Q00915.cif,Q00915-23-12591,23-32,"23,28,29,30,31,32",,,Region,22-32,Important for interaction with STRA6
Q02819,NUCB1,367,LSQETEALGR,0.786099196,0.036181291,Q02819.cif,Q02819-367-12591,367-376,"367,368,369,370,371,372,373,374,375,376",,,Region,368-459,Disordered
Q04447,KCRB,97,HGGYQPSDEHKTDLNPDNLQGGDDLDPNYVLSSR,0.810428177,-0.135434142,Q04447.cif,Q04447-97-12591,97-130,"112,113,114","126,127,128,129,130","99,117,119",Compositional bias,96-113,Basic and acidic residues
Q05512,MARK2,463,TTPAPSTNSVLSTSTNR,0.185958524,0.464394886,Q05512.cif,Q05512-463-12591,463-479,,,,Compositional bias,463-630,Polar residues
Q05816,FABP5,25,ELGVGLALR,0.483660032,0.317398745,Q05816.cif,Q05816-25-12591,25-33,"25,30,31,32,33,34",,,Motif,24-34,Nuclear localization signal
Q05816,FABP5,25,ELGVGLALRK,0.985413317,-0.008567946,Q05816.cif,Q05816-25-12591,25-34,"25,30,31,32,33,34",,,Motif,24-34,Nuclear localization signal
Q05920,PYC,1110,GQIGAPMPGK,0.230292892,0.442777335,Q05920.cif,Q05920-1110-12591,1110-1119,,"1111,1112,1113,1118,1119","1115,1116,1117",Domain,1109-1178,Biotinyl-binding
Q08331,CALB2,234,EMNIQQLTTYR,0.088599745,0.437263739,Q08331.cif,Q08331-234-12591,234-244,"237,238,239,240,241,242,243,244,245",,,Domain,235-270,EF-hand 6
Q08331,CALB2,234,EMNIQQLTTYRK,0.067859917,0.892850911,Q08331.cif,Q08331-234-12591,234-245,"237,238,239,240,241,242,243,244,245",,,Domain,235-270,EF-hand 6
Q148V7,RELCH,1004,VVPALITLSSDPEISVR,0.514836231,-0.560092278,Q148V7.cif,Q148V7-1004-12591,1004-1020,"1004,1005,1006,1007,1008,1009,1010,1011,1012,1017,1018,1019,1020",,"1015,1016",Repeat,1004-1042,HEAT 3
Q149F3,ERF3B,205,KEHVNVVFIGHVDAGK,0.377736403,0.290819524,Q149F3.cif,Q149F3-205-12591,205-220,"205,220","206,207,208,209,210,211,212,213,214",218,Domain,205-429,tr-type G
Q3U308,CTU2,192,VLGAEAGASPAQGEAR,0.676224224,-0.185937348,Q3U308.cif,Q3U308-192-12591,192-207,"192,193,194,195,196",,"201,203",Region,192-222,Disordered
Q3UHB8,CC177,359,AAAHGQWEQQR,0.827361435,-0.018419616,Q3UHB8.cif,Q3UHB8-359-12591,359-369,"359,360,361,362,363,364,365,366,367,368,369",,,Coiled coil,360-624,
Q3UHE1,PITM3,926,TMSVQQPDPPAANPKPER,0.142620389,-0.544079012,Q3UHE1.cif,Q3UHE1-926-12591,926-943,"932,933,934,935,936",,,Region,927-974,Disordered
Q3UTQ8,CDKL5,876,IHPLSQATGGSSNIR,0.903663971,0.057105088,Q3UTQ8.cif,Q3UTQ8-876-12591,876-890,,,,Region,877-938,Disordered
Q58A65,JIP4,578,YNAPTSHVTPSVK,0.461728883,0.419005212,Q58A65.cif,Q58A65-578-12591,578-590,,,,Compositional bias,579-600,Polar residues
Q5RJI5,BRSK1,511,SSGGTPLHSPLHTPR,0.014260369,0.260351804,Q5RJI5.cif,Q5RJI5-511-12591,511-525,,,,Compositional bias,512-529,Polar residues
Q5SV85,SYNRG,1065,SLSLGDKEISR,0.447619211,0.556942367,Q5SV85.cif,Q5SV85-1065-12591,1065-1075,,,,Region,1065-1090,Disordered
Q60864,STIP1,207,KEPKPEPMEEDLPENK,0.251041283,-0.408492928,Q60864.cif,Q60864-207-12591,207-222,"207,212,213,214,215,216,217,220,221,222",,218,Compositional bias,208-233,Basic and acidic residues
Q60960,IMA5,2,STPGKENFR,0.387152562,0.170210314,Q60960.cif,Q60960-2-12591,2-10,"8,9,10",,"6,7",Domain,1-57,IBB
Q60972,RBBP4,2,ADKEAAFDDAVEER,0.320847677,-0.313940743,Q60972.cif,Q60972-2-12591,2-15,"2,3,4,5,6,7,8,9,10,11,12,13,14,15",,,Region,2-132,Interaction with ARMC12
Q61037,TSC2,1531,SVQLLDQIPSYDTHK,0.173048142,-0.157396861,Q61037.cif,Q61037-1531-12591,1531-1545,"1531,1532,1533,1534,1535,1536","1542,1543,1544,1545","1538,1540,1541",Domain,1532-1766,Rap-GAP
Q61136,PRP4B,687,YNVYGYTGQGVFSNVVR,0.492901511,-0.584740839,Q61136.cif,Q61136-687-12591,687-703,,"687,688,689,690,691,692,693,694,699,700,701,702,703",,Domain,687-1006,Protein kinase
Q61151,2A5E,2,SSAPTTPPSVDKVDGFSRK,0.321652869,0.109901895,Q61151.cif,Q61151-2-12591,2-20,"7,8,9,10",,,Region,1-39,Disordered
Q61205,PA1B3,2,SGEGENPASKPTPVQDVQGDGR,0.381087799,0.1704656,Q61205.cif,Q61205-2-12591,2-23,"8,9,10,23",,"11,18,19,20,21",Region,1-20,Disordered
Q61330,CNTN2,896,AGTGPASPSADAMTMKPPPR,0.465659163,0.212277233,Q61330.cif,Q61330-896-12591,896-915,"900,901,902,903,904,909,910,911,912,913,914","898,905,906,907,908","896,915",Region,897-922,Disordered
Q61768,KINH,942,GGGSFVQNNQPVGLR,0.471882034,-0.161298422,Q61768.cif,Q61768-942-12591,942-956,,,,Compositional bias,942-957,Polar residues
Q61792,LASP1,97,GFSVVADTPELQR,0.99424673,-0.001087722,Q61792.cif,Q61792-97-12591,97-109,"105,106,107,108,109",,97,Repeat,97-131,Nebulin 2
Q61792,LASP1,122,YHEEFEK,0.202896015,-0.589099258,Q61792.cif,Q61792-122-12591,122-128,"122,123,124,125,126,127,128",,,Region,123-207,Disordered
Q62167,DDX3X,604,QSSGASSSSFSSSR,0.351746046,-0.348961687,Q62167.cif,Q62167-604-12591,604-617,"604,605,606",,607,Compositional bias,603-626,Polar residues
Q62418,DBNL,275,AMSTTSVTSSQPGK,0.774774903,0.157562645,Q62418.cif,Q62418-275-12591,275-288,275,,,Compositional bias,274-307,Polar residues
Q62426,CYTB,46,QIVAGTNLFIK,0.206204992,0.307414938,Q62426.cif,Q62426-46-12591,46-56,,"46,47,51,52,53,54,55,56","48,49,50",Motif,46-50,Secondary area of contact
Q62442,VAMP1,34,LQQTQAQVEEVVDIMR,0.281455191,-0.128513873,Q62442.cif,Q62442-34-12591,34-49,"34,35,36,37,38,39,40,41,42,43,44,45,46,47,48,49",,,Domain,33-93,v-SNARE coiled-coil homology
Q62442,VAMP1,2,SAPAQPPAEGTEGAAPGGGPPGPPPNMTSNRR,0.811825794,0.06218614,Q62442.cif,Q62442-2-12591,2-33,"19,20,21,22,23,24,25,26,28,29,30,31,32,33",,,Region,1-36,Disordered
Q68FE6,RIPR1,84,GLTAYLEVHQQEQEK,0.990608071,0.028047619,Q68FE6.cif,Q68FE6-84-12591,84-98,"84,85,86,87,88,89,90,91,92,93,94,95,96,97,98",,,Coiled coil,83-112,
Q6IR34,GPSM1,452,YQEGPDAIER,0.508810378,0.35566793,Q6IR34.cif,Q6IR34-452-12591,452-461,,,,Compositional bias,453-471,Basic and acidic residues
Q6IRU2,TPM4,2,AGLNSLEAVKR,0.856273243,0.093117063,Q6IRU2.cif,Q6IRU2-2-12591,2-12,"2,3,4,5,6,7,8,9,10,11,12",,,Coiled coil,2-248,
Q6P9K8,CSKI1,1390,IRQEDGQGPRPSSIEEK,0.591879169,-0.031350453,Q6P9K8.cif,Q6P9K8-1390-12591,1390-1406,"1390,1391,1392,1393,1404,1405,1406",,1396,Region,1389-1410,Disordered
Q6PAJ1,BCR,27,SVGDIEQELER,0.453345679,0.175578643,Q6PAJ1.cif,Q6PAJ1-27-12591,27-37,"28,29,30,31,32,33,34,35,36,37",,27,Coiled coil,28-55,
Q71M36,CSPG5,530,LKEEESFNIQNSMSPK,0.976844167,0.006254901,Q71M36.cif,Q71M36-530-12591,530-545,,,,Region,531-566,Disordered
Q80VJ2,SRA1,51,APETSGPPPVDHPPPSSK,0.980599142,-0.003389675,Q80VJ2.cif,Q80VJ2-51-12591,51-68,"52,53,54,55,56",,,Compositional bias,51-72,Pro residues
Q80VP0,TCPR1,405,GSGTESAPSDTDASLEVER,0.837361671,0.130708064,Q80VP0.cif,Q80VP0-405-12591,405-423,,,,Region,404-496,Disordered
Q80YN3,BCAS1,614,MSDAQVQTDPVSIGPVGK,0.538574334,-0.297678392,Q80YN3.cif,Q80YN3-614-12591,614-631,,,,Region,614-633,Interacts with DYNLL1 AND DYNLL2
Q80YN3,BCAS1,613,RMSDAQVQTDPVSIGPVGK,0.484291014,-0.316720389,Q80YN3.cif,Q80YN3-613-12591,613-631,,,,Region,614-633,Interacts with DYNLL1 AND DYNLL2
Q8BFR5,EFTU,54,DKPHVNVGTIGHVDHGK,0.755930921,0.044471479,Q8BFR5.cif,Q8BFR5-54-12591,54-70,70,"57,58,59,60,61,62,63","55,65,68",Domain,55-251,tr-type G
Q8BGB5,LIMD2,1,MFQAAGAAQATPSHEAK,0.323703265,-0.685223204,Q8BGB5.cif,Q8BGB5-1-12591,1-17,,,,Region,1-25,Disordered
Q8BJI1,S6A17,693,SYLGPGSTSPLDNSNNPNGR,0.881033852,0.039791721,Q8BJI1.cif,Q8BJI1-693-12591,693-712,"693,694",,,Compositional bias,693-715,Polar residues
Q8BJI1,S6A17,680,VPSEAPSPMPTHR,0.404429447,-0.124767457,Q8BJI1.cif,Q8BJI1-680-12591,680-692,"682,683,684,685,686,687,688,689,690,691,692",,680,Region,680-727,Disordered
Q8BMF4,ODP2,350,VFVSPLAK,0.354389211,-0.316205131,Q8BMF4.cif,Q8BMF4-350-12591,350-357,"354,355,356,357",352,,Domain,351-388,Peripheral subunit-binding (PSBD)
Q8BMP6,GCP60,320,VNTAGASDTLSVNGQAK,0.404431237,0.370220846,Q8BMP6.cif,Q8BMP6-320-12591,320-336,,,,Region,319-346,Disordered
Q8BMP6,GCP60,320,VNTAGASDTLSVNGQAK,0.404431237,0.370220846,Q8BMP6.cif,Q8BMP6-320-12591,320-336,,,,Compositional bias,319-339,Polar residues
Q8BMS4,COQ3,336,AQEHQEPAESALKGETGALHANTSGSPSVR,0.577687242,-0.197307202,Q8BMS4.cif,Q8BMS4-336-12591,336-365,"336,337,338",,"345,348,349,352",Region,336-370,Disordered
Q8BRT1,CLAP2,1010,DYNPYNYSDSISPFNK,0.24299328,-0.499611181,Q8BRT1.cif,Q8BRT1-1010-12591,1010-1025,,,,Region,1009-1286,Required for cortical localization
Q8BRV5,K1671,170,SQFSESESR,0.167235068,0.150072023,Q8BRV5.cif,Q8BRV5-170-12591,170-178,,,173,Compositional bias,171-215,Basic and acidic residues
Q8BSS9,LIPA2,784,MTHTLPSSYHNDAR,0.358216363,-0.308325399,Q8BSS9.cif,Q8BSS9-784-12591,784-797,,,,Compositional bias,784-820,Polar residues
Q8BUK6,HOOK3,685,LASTGSGQSFLAR,0.254868392,0.573827312,Q8BUK6.cif,Q8BUK6-685-12591,685-697,"685,686,687,694,695,696,697",,690,Compositional bias,686-710,Polar residues
Q8BUV3,GEPH,259,DTASLSTTPSESPR,0.103434326,-0.484883972,Q8BUV3.cif,Q8BUV3-259-12591,259-272,,,,Compositional bias,260-287,Polar residues
Q8BUY8,GASP2,520,NAELGAEGEEQDSVAQR,0.658354662,0.635735671,Q8BUY8.cif,Q8BUY8-520-12591,520-536,,,,Compositional bias,519-534,Basic and acidic residues
Q8BV13,CSN7B,222,ATASSSAQEMEQQLAER,0.962074722,0.041982791,Q8BV13.cif,Q8BV13-222-12591,222-238,"222,223,224,225,226,227,228,229,230,231,232,233,234,235,236,237,238",,,Region,223-264,Disordered
Q8C0Y0,PP4R4,826,NASSVPASFSPNPVMPSTSR,0.06935459,-0.993666999,Q8C0Y0.cif,Q8C0Y0-826-12591,826-845,,,,Region,825-875,Disordered
Q8C0Y0,PP4R4,826,NASSVPASFSPNPVMPSTSR,0.06935459,-0.993666999,Q8C0Y0.cif,Q8C0Y0-826-12591,826-845,,,,Compositional bias,825-863,Polar residues
Q8C129,LCAP,76,LLGMSFMNR,0.135772579,0.441967923,Q8C129.cif,Q8C129-76-12591,76-84,,,,Motif,76-77,Dileucine internalization motif
Q8C1B7,11-Sep,400,AAAQLLQSQAQQSGAQQTK,0.292613614,-0.341574681,Q8C1B7.cif,Q8C1B7-400-12591,400-418,"400,401,402,403,404,405,406,407,408,409,410,411",,"413,416",Region,400-431,Disordered
Q8C419,GP158,1181,SVTLPASSALSANKIPGPQK,0.203677352,0.685940096,Q8C419.cif,Q8C419-1181-12591,1181-1200,,,,Compositional bias,1180-1200,Polar residues
Q8C754,VPS52,195,FLEQLQELDAK,0.70024068,-0.060088184,Q8C754.cif,Q8C754-195-12591,195-205,"195,196,197,198,199,200,201,202,203,204,205",,,Coiled coil,194-214,
Q8C854,MYEF2,2,ADADKSEAAAGDDGSQQQPAEPR,0.301879792,-0.514185747,Q8C854.cif,Q8C854-2-12591,2-24,,,,Region,1-92,Disordered
Q8C854,MYEF2,513,GNQIFVR,0.380898598,0.158701293,Q8C854.cif,Q8C854-513-12591,513-519,,"515,516,517,518,519",514,Domain,514-590,RRM 3
Q8CC35,SYNPO,567,SPPSYSTLYPSSDPKPSHLK,0.797426822,0.087424703,Q8CC35.cif,Q8CC35-567-12591,567-586,"567,568,569,570",,,Motif,568-571,PPxY motif
Q8K0U4,HS12A,2,ADKEAGGGDAGPR,0.43354594,0.113607427,Q8K0U4.cif,Q8K0U4-2-12591,2-14,,,,Region,1-45,Disordered
Q8K0U4,HS12A,15,ETAPTSTYSSPAR,0.716556795,-0.076406787,Q8K0U4.cif,Q8K0U4-15-12591,15-27,"25,26,27",,,Compositional bias,16-45,Polar residues
Q8K394,PLCL2,736,EEVSFFSANTK,0.004022195,0.491569693,Q8K394.cif,Q8K394-736-12591,736-746,,,"737,738,746",Domain,735-864,C2
Q8K4G5,ABLM1,721,YDSPLHSASHAPSSK,0.922105748,-0.038488777,Q8K4G5.cif,Q8K4G5-721-12591,721-735,,,,Compositional bias,722-741,Polar residues
Q8R001,MARE2,235,SDKDLETQVIQLNEQVHSLK,0.683921515,-0.105505877,Q8R001.cif,Q8R001-235-12591,235-254,"235,236,237,238,239,240,241,242,243,244,245,246,247,248,249,250,251,252,253,254",,,Domain,235-305,EB1 C-terminal
Q8R1Q8,DC1L1,505,KPASVSPTTPTSPTEGEAS,0.234593305,-0.37863092,Q8R1Q8.cif,Q8R1Q8-505-12591,505-523,,,,Compositional bias,506-523,Polar residues
Q8R1Q8,DC1L1,456,TGSPGGPGVGGSPGGGAAGASPSLPPSAK,0.218428104,-0.322759724,Q8R1Q8.cif,Q8R1Q8-456-12591,456-484,,,456,Region,457-523,Disordered
Q8R361,RFIP5,579,DSAVLDQSAK,0.523884491,-0.195348987,Q8R361.cif,Q8R361-579-12591,579-588,"580,581,582,587,588",,,Domain,578-640,FIP-RBD
Q8VCD6,REEP2,207,TETSEDDLGDKAPK,0.040905513,0.364508027,Q8VCD6.cif,Q8VCD6-207-12591,207-220,,,,Compositional bias,206-230,Basic and acidic residues
Q8VCD6,REEP2,207,TETSEDDLGDKAPKR,0.274229499,-0.209819779,Q8VCD6.cif,Q8VCD6-207-12591,207-221,,,,Compositional bias,206-230,Basic and acidic residues
Q8VEK0,CC50A,2,AMNYSAKDEVDGGPAGPPGGAAK,0.144882947,-0.618290979,Q8VEK0.cif,Q8VEK0-2-12591,2-24,,,"14,19,20",Region,1-28,Disordered
Q8VIJ6,SFPQ,488,SLDEMEK,0.014106093,0.662201962,Q8VIJ6.cif,Q8VIJ6-488-12591,488-494,"488,489,490,491,492,493,494",,,Coiled coil,489-588,
Q91V12,BACH,342,PMPVPQLVPETEDEKKR,0.357820152,-0.210851237,Q91V12.cif,Q91V12-342-12591,342-358,"346,347,348,353,354,355,356,357,358","342,349",352,Region,342-381,Disordered
Q91V92,ACLY,5,AISEQTGKELLYK,0.700645698,0.068170189,Q91V92.cif,Q91V92-5-12591,5-17,"8,9,10,11,12,13,14,15,16,17","5,6",,Domain,4-265,ATP-grasp
Q91X58,ZFN2B,152,AQGLASTSTAPSPSR,0.947391422,0.011739142,Q91X58.cif,Q91X58-152-12591,152-166,"152,153,154,155",,157,Region,152-184,Disordered
Q91XL9,OSBL1,880,AMENGEIDLASEEK,0.343192758,-0.132295602,Q91XL9.cif,Q91XL9-880-12591,880-893,"880,881,882,886,887,888,889,890,891,892,893,894,895",,,Coiled coil,879-913,
Q91XL9,OSBL1,880,AMENGEIDLASEEKK,0.300909806,-0.517806905,Q91XL9.cif,Q91XL9-880-12591,880-894,"880,881,882,886,887,888,889,890,891,892,893,894,895",,,Coiled coil,879-913,
Q91XL9,OSBL1,880,AMENGEIDLASEEKKR,0.366517183,-0.473474068,Q91XL9.cif,Q91XL9-880-12591,880-895,"880,881,882,886,887,888,889,890,891,892,893,894,895",,,Coiled coil,879-913,
Q920I9,WDR7,932,ARDSPPPSSNIVQGQIK,0.624340854,0.125024263,Q920I9.cif,Q920I9-932-12591,932-948,"934,935,936,937,938,939,940",,,Compositional bias,933-947,Polar residues
Q920I9,WDR7,934,DSPPPSSNIVQGQIK,0.754495624,0.032452101,Q920I9.cif,Q920I9-934-12591,934-948,"934,935,936,937,938,939,940",,,Compositional bias,933-947,Polar residues
Q922D4,PP6R3,598,HIAFTPESQR,0.130794971,-0.248989256,Q922D4.cif,Q922D4-598-12591,598-607,,,,Region,599-844,Disordered
Q922S4,PDE2A,196,RPEAVQNTSVDASEDQKDEK,0.764402919,0.052344761,Q922S4.cif,Q922S4-196-12591,196-215,,,196,Region,197-217,Disordered
Q925N0,SFXN5,2,ADTATTASAASAAASAPNASTDAPPFQLGKPR,0.698977838,-0.260716668,Q925N0.cif,Q925N0-2-12591,2-33,"25,27",,"18,22,23,24,26,31,33",Region,1-30,Disordered
Q925N0,SFXN5,2,ADTATTASAASAAASAPNASTDAPPFQLGKPR,0.698977838,-0.260716668,Q925N0.cif,Q925N0-2-12591,2-33,"25,27",,"18,22,23,24,26,31,33",Compositional bias,1-23,Polar residues
Q99020,ROAA,238,EVYQQQQYGSGGR,0.797313487,0.138706803,Q99020.cif,Q99020-238-12591,238-250,"238,239,240,241,242,243,244,245,246",,"247,248,249",Region,239-285,Disordered
Q99104,MYO5A,598,AISPTSATSSGR,0.297871504,0.171647301,Q99104.cif,Q99104-598-12591,598-609,,,602,Compositional bias,598-613,Polar residues
Q99JT9,MTND,2,VQAWYMDESTADPR,0.381471708,0.376189604,Q99JT9.cif,Q99JT9-2-12591,2-15,8,"3,4,5,6,7","9,12",Region,1-24,Disordered
Q99KI0,ACON,524,LEAPDADELPRSDFDPGQDTYQHPPK,0.19427655,-0.492388228,Q99KI0.cif,Q99KI0-524-12591,524-549,"524,525,526,527,536,537,538,546,547,548","544,545","531,532,534,535,541,549",Region,524-560,Disordered
Q99KN9,EPN4,306,ASPDQNASTHTPQSSAKPSVPSSK,0.183041277,0.229800373,Q99KN9.cif,Q99KN9-306-12591,306-329,,,,Compositional bias,306-339,Polar residues
Q99PT1,GDIR1,2,AEQEPTAEQLAQIAAENEEDEHSVNYKPPAQK,0.117617099,-0.691320914,Q99PT1.cif,Q99PT1-2-12591,2-33,"5,6,7,8,9,10,11,12,13,14,15,16,17,18,19,29,30,31,32",,,Region,1-36,Disordered
Q9CPZ6,ORML3,1,MNVGTAHSEVNPNTR,0.884497393,0.016371514,Q9CPZ6.cif,Q9CPZ6-1-12591,1-15,"12,13,14",,10,Region,1-17,Important for ceramide level-sensing
Q9CR16,PPID,18,VFFDVDIGGER,0.422232153,0.131325603,Q9CR16.cif,Q9CR16-18-12591,18-28,,"18,19,20,21,22,23,24,27,28",,Domain,19-183,PPIase cyclophilin-type
Q9CWJ9,PUR9,2,APSQLALFSVSDK,0.648768164,-0.067734315,Q9CWJ9.cif,Q9CWJ9-2-12591,2-14,"2,3,4,5","6,7,8,9,10,11",12,Domain,1-146,MGS-like
Q9CWK8,SNX2,299,MNESDAWFEEK,0.983273265,-0.002874742,Q9CWK8.cif,Q9CWK8-299-12591,299-309,"304,305,306,307,308,309",,,Domain,299-519,BAR
Q9CX34,SGT1,246,NMYPSSSHYTR,0.095382285,-0.281417324,Q9CX34.cif,Q9CX34-246-12591,246-256,,,"251,253",Domain,247-336,SGS
Q9CY58,PAIRB,327,SKSEEAHAEDSVMDHHFR,0.423891704,0.252383682,Q9CY58.cif,Q9CY58-327-12591,327-344,,,,Region,327-407,Disordered
Q9CY58,PAIRB,327,SKSEEAHAEDSVMDHHFR,0.423891704,0.252383682,Q9CY58.cif,Q9CY58-327-12591,327-344,,,,Compositional bias,327-348,Basic and acidic residues
Q9D061,ACBD6,41,SLAELFEK,0.831517213,0.044423944,Q9D061.cif,Q9D061-41-12591,41-48,"41,42,43,44,45,46,47,48",,,Domain,42-127,ACB
Q9D0J8,PTMS,2,SEKSVEAAAELSAK,0.108346742,0.613905301,Q9D0J8.cif,Q9D0J8-2-12591,2-15,"3,4,5,6,7,8,9,10,11,12,13,14,15",,,Region,1-101,Disordered
Q9D1G1,RAB1B,173,MGPGAASGGERPNLK,0.839034752,0.037342482,Q9D1G1.cif,Q9D1G1-173-12591,173-187,173,,"178,179",Region,174-201,Disordered
Q9D1P4,CHRD1,64,HNSEKPPEPVKPEVK,0.686263532,-0.1964896,Q9D1P4.cif,Q9D1P4-64-12591,64-78,"68,69,70,71",,67,Region,65-316,Interaction with HSP90AA1 and HSP90AB1
Q9D1P4,CHRD1,64,HNSEKPPEPVKPEVK,0.686263532,-0.1964896,Q9D1P4.cif,Q9D1P4-64-12591,64-78,"68,69,70,71",,67,Compositional bias,64-82,Basic and acidic residues
Q9DAR7,DCPS,2,ADTAPQLKR,0.358673089,-0.364794489,Q9DAR7.cif,Q9DAR7-2-12591,2-10,,,,Region,1-36,Disordered
Q9DAR7,DCPS,2,ADTAPQLKR,0.358673089,-0.364794489,Q9DAR7.cif,Q9DAR7-2-12591,2-10,,,,Compositional bias,1-18,Basic and acidic residues
Q9DC07,LNEBL,133,GFTPVVDDPVTER,0.865127155,0.067378272,Q9DC07.cif,Q9DC07-133-12591,133-145,"143,144,145",,133,Repeat,133-159,Nebulin 3
Q9JK23,PSMG1,2,AATFFGEVVK,0.335815713,0.302686626,Q9JK23.cif,Q9JK23-2-12591,2-11,,"2,3,9,10",7,Region,1-38,Disordered
Q9JKB1,UCHL3,6,WLPLEANPEVTNQFLK,0.482946115,0.255030709,Q9JKB1.cif,Q9JKB1-6-12591,6-21,"7,8,9,10,13,14,15,16,17,18,19,20,21",,,Domain,6-214,UCH
Q9JKK1,STX6,2,SMEDPFFVVK,0.270999433,-0.257523563,Q9JKK1.cif,Q9JKK1-2-12591,2-11,"6,7,8,9,10,11",,,Region,2-168,Required for interaction with VPS51
Q9JMG7,HDGR3,11,AGDLVFAK,0.570049971,0.152305745,Q9JMG7.cif,Q9JMG7-11-12591,11-18,,"14,15,16,17,18",,Domain,11-68,PWWP
Q9QXS6,DREB,2,AGVSFSGHR,0.329016453,-0.105292062,Q9QXS6.cif,Q9QXS6-2-12591,2-10,10,5,"7,8,9",Domain,3-134,ADF-H
Q9QXY6,EHD3,476,LPNSVLGK,0.985593604,-0.005358719,Q9QXY6.cif,Q9QXY6-476-12591,476-483,"478,479,480,481,482,483",,,Domain,476-511,EF-hand
Q9QYJ0,DNJA2,9,LYDILGVPPGASENELKK,0.910535099,-0.05572187,Q9QYJ0.cif,Q9QYJ0-9-12591,9-26,"9,10,11,12,13,21,22,23,24,25,26",,,Domain,8-70,J
Q9QYK9,KCC1B,313,LGQSPEGEEASR,0.231213266,0.395381911,Q9QYK9.cif,Q9QYK9-313-12591,313-324,"313,319,320,321,322,323,324",,316,Region,314-343,Disordered
Q9QYS9,QKI,86,LYVPVKEYPDFNFVGR,0.244103035,-0.168186958,Q9QYS9.cif,Q9QYS9-86-12591,86-101,"98,99,100,101","86,87",,Domain,87-153,KH
Q9QZD9,EIF3I,283,GHFGPINSVAFHPDGK,0.900934693,-0.039519889,Q9QZD9.cif,Q9QZD9-283-12591,283-298,,"288,289,290,291,292,293","285,286,297,298",Repeat,283-324,WD 5
Q9R0Y5,KAD1,132,RGETSGRVDDNEETIK,0.832955869,-0.0377424,Q9R0Y5.cif,Q9R0Y5-132-12591,132-147,"132,133,134,135,136,143,144,145,146,147",,142,Region,131-141,LID
Q9WTR5,CAD13,158,DVGKVVDSDRPEGSK,0.28711564,0.458648145,Q9WTR5.cif,Q9WTR5-158-12591,158-172,"167,168","158,159,160,161,163,164,172","165,166",Compositional bias,159-179,Basic and acidic residues
Q9Z1P6,NDUA7,81,AAESSAMAATEKK,0.258485969,0.464971618,Q9Z1P6.cif,Q9Z1P6-81-12591,81-93,"92,93",,,Region,80-113,Disordered
Q9Z1S5,SEP3,329,LNDNGGLPPVSVDTEESHDSNP,0.54868805,-0.331623288,Q9Z1S5.cif,Q9Z1S5-329-12591,329-350,"329,330,331",,,Region,328-350,Disordered
Q9Z2D6,MECP2,90,DRGPMYDDPTLPEGWTR,0.509249876,-0.132490632,Q9Z2D6.cif,Q9Z2D6-90-12591,90-106,"90,101","105,106","93,96,100",Domain,90-162,MBD
Q9Z2Y3,HOME1,303,LQEVEIR,0.28646559,-0.110079823,Q9Z2Y3.cif,Q9Z2Y3-303-12591,303-309,"303,304,305,306,307,308,309",,,Region,302-366,Required for tetramerization
