PG.ProteinAccessions,PG.ProteinNames,PEP.PeptidePosition,PEP.StrippedSequence,pval,dif,Unnamed: 6,file_name,PEP.PeptideID,PEP.Region,alpha_helix,beta_sheet,bend,type,region,description
B9EJI9,T229A,2,AGSDVASEGPSPR,0.422648946,-0.027435567,,B9EJI9.cif,B9EJI9-2-12735,2-14,,,,Region,1-30,Disordered
O08547,SC22B,133,RNLGSINTELQDVQR,0.240714027,-0.535122316,,O08547.cif,O08547-133-12735,133-147,"133,134,138,139,140,141,142,143,144,145,146,147",,,Domain,134-194,v-SNARE coiled-coil homology
O08582,GTPB1,573,LLQTTNNSPMNSKPQQIK,0.556373474,0.05860156,,O08582.cif,O08582-573-12735,573-590,"585,586,587,588","573,574",,Region,573-668,Disordered
O35143,ATIF1,61,EKTKEQLAALR,0.689091185,0.142358046,,O35143.cif,O35143-61-12735,61-71,"61,62,63,64,65,66,67,68,69,70,71",,,Coiled coil,60-106,
O35239,PTN9,302,GIYEEYEDIRR,0.421311118,0.341087656,,O35239.cif,O35239-302-12735,302-312,"302,303,304,305,306,307,308,309,310,311,312",,,Domain,303-574,Tyrosine-protein phosphatase
O35343,IMA3,2,ADNEKLDNQR,0.087515403,0.104005238,,O35343.cif,O35343-2-12735,2-11,"2,3,4,5,6,7,8,9,10,11",,,Domain,2-58,IBB
O35344,IMA4,2,AENPGLENHR,0.411534496,-0.187115468,,O35344.cif,O35344-2-12735,2-11,"5,6,7,8,9,10,11",,,Domain,2-58,IBB
O35345,IMA7,1,METMASPGKDNYR,0.894767299,-0.027800177,,O35345.cif,O35345-1-12735,1-13,,,"9,12,13",Domain,1-60,IBB
O35874,SATT,494,VEAIPNSK,0.649436306,0.153142139,,O35874.cif,O35874-494-12735,494-501,"494,495",,497,Region,495-532,Disordered
O54946,DNJB6,2,VDYYEVLGVQR,0.166927793,0.700273459,,O54946.cif,O54946-2-12735,2-12,"4,5,6,7,8",,,Domain,3-69,J
O70252,HMOX2,2,SSEVETSEGVDESEKNSMAPEKENHTK,0.100965779,-0.36247072,,O70252.cif,O70252-2-12735,2-28,,,,Region,1-28,Disordered
O70439,STX7,128,VSGGFPEDSSKEK,0.232934392,0.508326235,,O70439.cif,O70439-128-12735,128-140,128,,130,Region,128-148,Disordered
O70493,SNX12,2,SDTAVADTRR,0.865176894,0.026501433,,O70493.cif,O70493-2-12735,2-11,"10,11",,,Region,1-20,Disordered
O88569,ROA2,191,QEMQEVQSSR,0.693995602,0.06253384,,O88569.cif,O88569-191-12735,191-200,"191,192,193,194,195,196,197,198,199,200",,,Compositional bias,191-205,Polar residues
O88935,SYN1,613,TGPPTTQQPR,0.034553085,0.641460332,,O88935.cif,O88935-613-12735,613-622,,,,Compositional bias,614-630,Pro residues
O88951,LIN7B,2,AALVEPLGLER,0.033971062,-0.267602373,,O88951.cif,O88951-2-12735,2-12,"10,11,12",,,Motif,1-13,Kinase interacting site
O88952,LIN7C,2,AALGEPVRLER,0.552045941,-0.025849595,,O88952.cif,O88952-2-12735,2-12,"10,11,12",,6,Motif,2-13,Kinase interacting site
P00920,CAH2,2,SHHWGYSK,0.523169897,0.21789327,,P00920.cif,P00920-2-12735,2-9,,,"7,8",Domain,3-259,Alpha-carbonic anhydrase
P01942,HBA,2,VLSGEDKSNIK,0.04322667,0.369764629,,P01942.cif,P01942-2-12735,2-12,"2,3,4,5,6,7,8,9,10,11,12",,,Domain,2-142,Globin
P02088,HBB1,2,VHLTDAEK,0.030329196,0.365594324,,P02088.cif,P02088-2-12735,2-9,"6,7,8,9",,,Domain,3-147,Globin
P03995,GFAP,374,ITIPVQTFSNLQIR,0.102647871,-1.439775555,,P03995.cif,P03995-374-12735,374-387,374,,"375,376",Region,375-430,Tail
P10126,EF1A1,6,THINIVVIGHVDSGK,0.129851865,-1.443038425,,P10126.cif,P10126-6-12735,6-20,20,"6,7,8,9,10,11,12,13,14","18,19",Domain,5-242,tr-type G
P10711,TCEA1,76,LLDGPSTDKDPEEK,0.141215525,-0.73574301,,P10711.cif,P10711-76-12735,76-89,"76,77",,"78,80",Region,76-139,Disordered
P13595,NCAM1,1078,GPVETKSEPPESEAKPAPTEVK,0.911727158,-0.034470378,,P13595.cif,P13595-1078-12735,1078-1099,,,,Compositional bias,1078-1092,Basic and acidic residues
P14685,PSMD3,496,SYNKDLESAEERR,0.922675782,0.027200112,,P14685.cif,P14685-496-12735,496-508,"496,497,498,499,500,501,502,503,504,505,506,507,508",,,Region,496-530,Disordered
P14733,LMNB1,391,LSPSPSSR,0.525155479,0.163235558,,P14733.cif,P14733-391-12735,391-398,"391,392,393,394,395",,,Region,391-433,Disordered
P14873,MAP1B,2044,ITKTPQASTYSYETSDR,0.128548795,-0.206688364,,P14873.cif,P14873-2044-12735,2044-2060,,,,Repeat,2044-2060,MAP1B 10
P16546,SPTN1,2405,SSEEIESAFR,0.138365796,0.126732387,,P16546.cif,P16546-2405-12735,2405-2414,"2406,2407,2408,2409,2410,2411,2412,2413,2414",,,Domain,2404-2439,EF-hand 3
P17156,HSP72,613,LYQGGPGGGGSSGGPTIEEVD,0.191115901,-0.355583758,,P17156.cif,P17156-613-12735,613-633,"613,614,615,630,631,632",,617,Region,613-633,Disordered
P19246,NFH,94,SEKEQLQALNDR,0.493821944,-0.169892794,,P19246.cif,P19246-94-12735,94-105,"94,95,96,97,98,99,100,101,102,103,104,105",,,Domain,95-411,IF rod
P20357,MTAP2,1724,VKIESVK,0.106300772,0.510498068,,P20357.cif,P20357-1724-12735,1724-1730,,,1724,Repeat,1724-1755,Tau/MAP 3
P24529,TY3H,2,PTPSASSPQPK,0.228695033,0.230432341,,P24529.cif,P24529-2-12735,2-12,,,,Region,1-33,Disordered
P26350,PTMA,2,SDAAVDTSSEITTK,0.234196455,0.316074633,,P26350.cif,P26350-2-12735,2-15,"16,17,18",,,Region,1-111,Disordered
P26350,PTMA,2,SDAAVDTSSEITTKDLK,0.209702861,0.346230626,,P26350.cif,P26350-2-12735,2-18,"16,17,18",,,Region,1-111,Disordered
P27773,PDIA3,483,EATNPPIIQEEKPK,0.754580004,-0.087731424,,P27773.cif,P27773-483-12735,483-496,"483,490,491,492,493,494,495",,"484,485,486",Region,484-505,Disordered
P27773,PDIA3,483,EATNPPIIQEEKPKK,0.270072536,-0.253220047,,P27773.cif,P27773-483-12735,483-497,"483,490,491,492,493,494,495",,"484,485,486",Region,484-505,Disordered
P30416,FKBP4,427,AEVAAGDHPTDAEMKGER,0.339008419,0.134956481,,P30416.cif,P30416-427-12735,427-444,"427,428,429,430,431",,,Region,428-458,Disordered
P31648,SC6A1,2,ATDNSKVADGQISTEVSEAPVASDKPK,0.2670028,-0.536306505,,P31648.cif,P31648-2-12735,2-28,,,22,Compositional bias,1-19,Polar residues
P31648,SC6A1,1,MATDNSKVADGQISTEVSEAPVASDKPK,0.047856511,-0.538005646,,P31648.cif,P31648-1-12735,1-28,,,22,Compositional bias,1-19,Polar residues
P31786,ACBP,2,SQAEFDKAAEEVK,0.233215983,0.398344931,,P31786.cif,P31786-2-12735,2-14,"3,4,5,6,7,8,9,10,11,12,13,14,15",,,Domain,2-87,ACB
P31786,ACBP,2,SQAEFDKAAEEVKR,0.191106194,0.181438142,,P31786.cif,P31786-2-12735,2-15,"3,4,5,6,7,8,9,10,11,12,13,14,15",,,Domain,2-87,ACB
P35564,CALX,518,TDAPQPDVKDEEGKEEEK,0.020157678,-0.58586086,,P35564.cif,P35564-518-12735,518-535,"530,531,532,533,534,535",,,Compositional bias,519-584,Basic and acidic residues
P37040,NCPR,280,NPFLAAVTTNR,0.122177031,0.32822952,,P37040.cif,P37040-280-12735,280-290,,"282,283,284,285,286,287,288,289,290",280,Domain,279-521,FAD-binding FR-type
P41242,MATK,482,SVGVSAPAGGQEAEGSAPTR,0.894522482,-0.044316365,,P41242.cif,P41242-482-12735,482-501,"482,483,484,485",,487,Region,483-505,Disordered
P43006,EAA2,2,ASTEGANNMPK,0.347136047,-0.10432142,,P43006.cif,P43006-2-12735,2-12,"10,11,12",,,Region,1-28,Disordered
P43274,H14,35,TSGPPVSELITK,0.093897651,-0.266285718,,P43274.cif,P43274-35-12735,35-46,"40,41,42,43,44,45,46",,"36,37",Domain,36-109,H15
P43276,H15,35,ATGPPVSELITK,0.780292721,0.178577984,,P43276.cif,P43276-35-12735,35-46,"40,41,42,43,44,45,46",,"36,37",Domain,36-109,H15
P43277,H13,36,ASGPPVSELITK,0.142903684,-0.281199475,,P43277.cif,P43277-36-12735,36-47,"41,42,43,44,45,46,47",,"37,38",Domain,37-110,H15
P45878,FKBP2,47,GDVLHMHYTGK,0.957563738,-0.016782289,,P45878.cif,P45878-47-12735,47-57,,"49,50,51,52,53,54,55,56,57",,Domain,47-135,PPIase FKBP-type
P46471,PRS7,2,PDYLGADQR,0.649126706,-0.108371872,,P46471.cif,P46471-2-12735,2-10,"7,8,9",,,Region,1-21,Disordered
P46471,PRS7,2,PDYLGADQRK,0.554745854,0.172238039,,P46471.cif,P46471-2-12735,2-11,"7,8,9",,,Region,1-21,Disordered
P47708,RP3A,277,PAPAPVPSPAPPQPVQPGPPGGSR,0.307339623,-0.399539577,,P47708.cif,P47708-277-12735,277-300,"277,278,279,280,281,283,284,285,286,287,288",,,Compositional bias,278-302,Pro residues
P47708,RP3A,161,QVLPQPMPIKK,0.163234204,0.251522987,,P47708.cif,P47708-161-12735,161-171,"163,164,165,166,167,168,169",,,Region,162-375,Disordered
P47915,RL29,135,AQASAPAQAPK,0.357958689,0.151862412,,P47915.cif,P47915-135-12735,135-145,,,,Repeat,135-142,2
P48320,DCE2,2,ASPGSGFWSFGSEDGSADPENPGTAR,0.045885592,-0.877717589,,P48320.cif,P48320-2-12735,2-27,"23,24,25,26,27",,,Region,1-24,Disordered
P49586,PCY1A,342,TSPSSSPASLSR,0.212899858,0.105612062,,P49586.cif,P49586-342-12735,342-353,,,,Repeat,343-348,3
P53395,ODB2,171,TLATPAVR,0.197566676,0.447949682,,P53395.cif,P53395-171-12735,171-178,"175,176,177,178",173,,Domain,172-209,Peripheral subunit-binding (PSBD)
P54285,CACB3,459,LLAQDSEHDHNDRNWQR,0.416721087,-0.569786717,,P54285.cif,P54285-459-12735,459-475,"471,472,473,474",,"459,460,461,462,463,466,467",Compositional bias,458-484,Basic and acidic residues
P55302,AMRP,184,EKIQEYNVLLDTLSR,0.346110547,-0.636747918,,P55302.cif,P55302-184-12735,184-198,"184,185,186,187,188,189,190,191,192,193,194,195,196,197,198",,,Coiled coil,184-302,
P56564,EAA1,521,KPYQLIAQDNEPEKPVADSETK,0.185328969,-0.22164776,,P56564.cif,P56564-521-12735,521-542,,,,Region,522-543,Disordered
P57784,RU2A,222,GLLQSGQIPGR,0.878850164,-0.022437305,,P57784.cif,P57784-222-12735,222-232,"222,223,224,225,228,229",,,Region,222-255,Disordered
P59325,IF5,144,NPPENSDIGTGKK,0.925629202,0.036297061,,P59325.cif,P59325-144-12735,144-156,"147,148,149",,"144,153",Region,143-216,Disordered
P60469,LIPA3,1156,SAAAGALGSPGLPLR,0.967491932,0.022355358,,P60469.cif,P60469-1156-12735,1156-1170,,,,Region,1157-1194,Disordered
P60469,LIPA3,1156,SAAAGALGSPGLPLRK,0.365341165,0.26318632,,P60469.cif,P60469-1156-12735,1156-1171,,,,Region,1157-1194,Disordered
P61965,WDR5,2,ATEEKKPETEAAR,0.916653813,-0.045478404,,P61965.cif,P61965-2-12735,2-14,,,,Region,1-31,Disordered
P62137,PP1A,306,YGQFSGLNPGGRPITPPR,0.628674808,-0.170484816,,P62137.cif,P62137-306-12735,306-323,"306,307,308,317,319,320,321,322","312,318","316,323",Region,306-330,Disordered
P63044,VAMP2,32,LQQTQAQVDEVVDIMR,0.272836743,-0.672345508,,P63044.cif,P63044-32-12735,32-47,"32,33,34,35,36,37,38,39,40,41,42,43,44,45,46,47",,,Domain,31-91,v-SNARE coiled-coil homology
P63044,VAMP2,31,RLQQTQAQVDEVVDIMR,0.061314146,1.603021105,,P63044.cif,P63044-31-12735,31-47,"31,32,33,34,35,36,37,38,39,40,41,42,43,44,45,46,47",,,Domain,31-91,v-SNARE coiled-coil homology
P69566,RANB9,395,SQDSYPVSPR,0.06060665,-0.147771083,,P69566.cif,P69566-395-12735,395-404,,,,Compositional bias,395-422,Polar residues
P70296,PEBP1,94,GNDISSGTVLSDYVGSGPPSGTGLHR,0.218017325,-0.549840659,,P70296.cif,P70296-94-12735,94-119,"97,98,99,111,112,117","96,101,102,103,104,118,119","100,115",Region,93-134,Interaction with RAF1
P84086,CPLX2,19,MLGGEEEKDPDAQKK,0.809555021,-0.016470063,,P84086.cif,P84086-19-12735,19-33,"28,29,30,31,32,33",,"19,20,21",Compositional bias,18-86,Basic and acidic residues
P97441,ZNT3,1,MEPSLATGGSETTR,0.810171228,-0.137764981,,P97441.cif,P97441-1-12735,1-14,,,,Region,1-41,Disordered
P97441,ZNT3,1,MEPSLATGGSETTR,0.810171228,-0.137764981,,P97441.cif,P97441-1-12735,1-14,,,,Compositional bias,1-19,Polar residues
Q02819,NUCB1,367,LSQETEALGR,0.405277232,0.152160722,,Q02819.cif,Q02819-367-12735,367-376,"367,368,369,370,371,372,373,374,375,376",,,Region,368-459,Disordered
Q04447,KCRB,97,HGGYQPSDEHKTDLNPDNLQGGDDLDPNYVLSSR,0.327264996,-0.520307872,,Q04447.cif,Q04447-97-12735,97-130,"112,113,114","126,127,128,129,130","99,117,119",Compositional bias,96-113,Basic and acidic residues
Q05512,MARK2,463,TTPAPSTNSVLSTSTNR,0.054391481,-1.046015366,,Q05512.cif,Q05512-463-12735,463-479,,,,Compositional bias,463-630,Polar residues
Q05816,FABP5,25,ELGVGLALR,0.332294228,0.277110237,,Q05816.cif,Q05816-25-12735,25-33,"25,30,31,32,33,34",,,Motif,24-34,Nuclear localization signal
Q05816,FABP5,25,ELGVGLALRK,0.06807306,-0.604931706,,Q05816.cif,Q05816-25-12735,25-34,"25,30,31,32,33,34",,,Motif,24-34,Nuclear localization signal
Q05920,PYC,1110,GQIGAPMPGK,0.297863408,0.277439918,,Q05920.cif,Q05920-1110-12735,1110-1119,,"1111,1112,1113,1118,1119","1115,1116,1117",Domain,1109-1178,Biotinyl-binding
Q08331,CALB2,234,EMNIQQLTTYRK,0.003921972,-1.036452607,,Q08331.cif,Q08331-234-12735,234-245,"237,238,239,240,241,242,243,244,245",,,Domain,235-270,EF-hand 6
Q148V7,RELCH,1004,VVPALITLSSDPEISVR,0.447429411,-1.215745263,,Q148V7.cif,Q148V7-1004-12735,1004-1020,"1004,1005,1006,1007,1008,1009,1010,1011,1012,1017,1018,1019,1020",,"1015,1016",Repeat,1004-1042,HEAT 3
Q149F3,ERF3B,205,KEHVNVVFIGHVDAGK,0.9724293,-0.014952268,,Q149F3.cif,Q149F3-205-12735,205-220,"205,220","206,207,208,209,210,211,212,213,214",218,Domain,205-429,tr-type G
Q3U308,CTU2,192,VLGAEAGASPAQGEAR,0.095383981,-0.511716873,,Q3U308.cif,Q3U308-192-12735,192-207,"192,193,194,195,196",,"201,203",Region,192-222,Disordered
Q3UHB8,CC177,359,AAAHGQWEQQR,0.055410443,0.414829845,,Q3UHB8.cif,Q3UHB8-359-12735,359-369,"359,360,361,362,363,364,365,366,367,368,369",,,Coiled coil,360-624,
Q3UHE1,PITM3,926,TMSVQQPDPPAANPKPER,0.572778918,0.128138396,,Q3UHE1.cif,Q3UHE1-926-12735,926-943,"932,933,934,935,936",,,Region,927-974,Disordered
Q3UHG7,DEN11,2,VEQGDAAPLLR,0.612906872,-0.195142032,,Q3UHG7.cif,Q3UHG7-2-12735,2-12,"9,10,11",,,Region,1-59,Disordered
Q58A65,JIP4,578,YNAPTSHVTPSVK,0.520637982,0.210822402,,Q58A65.cif,Q58A65-578-12735,578-590,,,,Compositional bias,579-600,Polar residues
Q5M956,KCTD1,2,SRPLITR,0.086246953,-0.315505264,,Q5M956.cif,Q5M956-2-12735,2-8,"2,3,4,5,6,7,8",,,Region,1-25,Disordered
Q5RJI5,BRSK1,511,SSGGTPLHSPLHTPR,0.719456515,-0.146909267,,Q5RJI5.cif,Q5RJI5-511-12735,511-525,,,,Compositional bias,512-529,Polar residues
Q5SV85,SYNRG,1065,SLSLGDKEISR,0.108820976,0.562325754,,Q5SV85.cif,Q5SV85-1065-12735,1065-1075,,,,Region,1065-1090,Disordered
Q60960,IMA5,2,STPGKENFR,0.580605248,-0.166898651,,Q60960.cif,Q60960-2-12735,2-10,"8,9,10",,"6,7",Domain,1-57,IBB
Q60972,RBBP4,2,ADKEAAFDDAVEER,0.998715546,-0.000211888,,Q60972.cif,Q60972-2-12735,2-15,"2,3,4,5,6,7,8,9,10,11,12,13,14,15",,,Region,2-132,Interaction with ARMC12
Q61136,PRP4B,687,YNVYGYTGQGVFSNVVR,0.079127103,-1.908753795,,Q61136.cif,Q61136-687-12735,687-703,,"687,688,689,690,691,692,693,694,699,700,701,702,703",,Domain,687-1006,Protein kinase
Q61151,2A5E,2,SSAPTTPPSVDKVDGFSRK,0.961530087,-0.010123659,,Q61151.cif,Q61151-2-12735,2-20,"7,8,9,10",,,Region,1-39,Disordered
Q61205,PA1B3,2,SGEGENPASKPTPVQDVQGDGR,0.039558271,-0.348954206,,Q61205.cif,Q61205-2-12735,2-23,"8,9,10,23",,"11,18,19,20,21",Region,1-20,Disordered
Q61330,CNTN2,896,AGTGPASPSADAMTMKPPPR,0.729083348,0.161230048,,Q61330.cif,Q61330-896-12735,896-915,"900,901,902,903,904,909,910,911,912,913,914","898,905,906,907,908","896,915",Region,897-922,Disordered
Q61330,CNTN2,796,RGDGPESLTAIVYSAEEEPK,0.193724916,-0.765591398,,Q61330.cif,Q61330-796-12735,796-815,"800,801,802,803,804,809,810,811","797,798,805,806,807,808",,Motif,796-798,Cell attachment site
Q61768,KINH,942,GGGSFVQNNQPVGLR,0.26757035,-0.375515583,,Q61768.cif,Q61768-942-12735,942-956,,,,Compositional bias,942-957,Polar residues
Q61771,KIF3B,346,VNEDPKDALLR,0.125497218,0.597374045,,Q61771.cif,Q61771-346-12735,346-356,"350,351,352,353,354,355,356",348,,Coiled coil,346-579,
Q61792,LASP1,97,GFSVVADTPELQR,0.021951659,-0.193351919,,Q61792.cif,Q61792-97-12735,97-109,"105,106,107,108,109",,97,Repeat,97-131,Nebulin 2
Q61792,LASP1,122,YHEEFEK,0.24551362,0.190493397,,Q61792.cif,Q61792-122-12735,122-128,"122,123,124,125,126,127,128",,,Region,123-207,Disordered
Q62167,DDX3X,604,QSSGASSSSFSSSR,0.105225067,-0.557187822,,Q62167.cif,Q62167-604-12735,604-617,"604,605,606",,607,Compositional bias,603-626,Polar residues
Q62418,DBNL,275,AMSTTSVTSSQPGK,0.40150673,-0.57891329,,Q62418.cif,Q62418-275-12735,275-288,275,,,Compositional bias,274-307,Polar residues
Q62426,CYTB,46,QIVAGTNLFIK,0.431064814,-0.279239441,,Q62426.cif,Q62426-46-12735,46-56,,"46,47,51,52,53,54,55,56","48,49,50",Motif,46-50,Secondary area of contact
Q62442,VAMP1,34,LQQTQAQVEEVVDIMR,0.239130689,-0.538478859,,Q62442.cif,Q62442-34-12735,34-49,"34,35,36,37,38,39,40,41,42,43,44,45,46,47,48,49",,,Domain,33-93,v-SNARE coiled-coil homology
Q68FE6,RIPR1,84,GLTAYLEVHQQEQEK,0.07404756,-3.192912468,,Q68FE6.cif,Q68FE6-84-12735,84-98,"84,85,86,87,88,89,90,91,92,93,94,95,96,97,98",,,Coiled coil,83-112,
Q6IRU2,TPM4,2,AGLNSLEAVKR,0.882219746,-0.039510266,,Q6IRU2.cif,Q6IRU2-2-12735,2-12,"2,3,4,5,6,7,8,9,10,11,12",,,Coiled coil,2-248,
Q6P6I6,GRL1A,338,MQSYNPEGESSGR,0.858907924,0.012735885,,Q6P6I6.cif,Q6P6I6-338-12735,338-350,,,"345,346,347",Region,338-366,Disordered
Q6P8I4,PCNP,138,DTPTSAGPNSFNK,0.535084312,0.113152611,,Q6P8I4.cif,Q6P8I4-138-12735,138-150,,150,139,Compositional bias,139-154,Polar residues
Q6P9K8,CSKI1,1390,IRQEDGQGPRPSSIEEK,0.240240049,0.157542653,,Q6P9K8.cif,Q6P9K8-1390-12735,1390-1406,"1390,1391,1392,1393,1404,1405,1406",,1396,Region,1389-1410,Disordered
Q6PAJ1,BCR,27,SVGDIEQELER,0.122705846,-0.096872701,,Q6PAJ1.cif,Q6PAJ1-27-12735,27-37,"28,29,30,31,32,33,34,35,36,37",,27,Coiled coil,28-55,
Q71M36,CSPG5,530,LKEEESFNIQNSMSPK,0.371992958,-0.188485485,,Q71M36.cif,Q71M36-530-12735,530-545,,,,Region,531-566,Disordered
Q80VP0,TCPR1,405,GSGTESAPSDTDASLEVER,0.37471725,-0.363346634,,Q80VP0.cif,Q80VP0-405-12735,405-423,,,,Region,404-496,Disordered
Q80YN3,BCAS1,614,MSDAQVQTDPVSIGPVGK,0.288641779,-0.566905339,,Q80YN3.cif,Q80YN3-614-12735,614-631,,,,Region,614-633,Interacts with DYNLL1 AND DYNLL2
Q80YN3,BCAS1,613,RMSDAQVQTDPVSIGPVGK,0.282554061,-1.271544816,,Q80YN3.cif,Q80YN3-613-12735,613-631,,,,Region,614-633,Interacts with DYNLL1 AND DYNLL2
Q80YV4,PANK4,404,SGTFDLLEMDR,0.157773415,0.430100469,,Q80YV4.cif,Q80YV4-404-12735,404-414,404,"409,410,411,412,413,414","405,406",Region,403-820,4'-phosphopantetheine phosphatase
Q8BFR5,EFTU,54,DKPHVNVGTIGHVDHGK,0.156181961,0.235198708,,Q8BFR5.cif,Q8BFR5-54-12735,54-70,70,"57,58,59,60,61,62,63","55,65,68",Domain,55-251,tr-type G
Q8BGB5,LIMD2,1,MFQAAGAAQATPSHEAK,0.859767926,-0.160238192,,Q8BGB5.cif,Q8BGB5-1-12735,1-17,,,,Region,1-25,Disordered
Q8BJI1,S6A17,693,SYLGPGSTSPLDNSNNPNGR,0.505629941,0.197333973,,Q8BJI1.cif,Q8BJI1-693-12735,693-712,"693,694",,,Compositional bias,693-715,Polar residues
Q8BJI1,S6A17,680,VPSEAPSPMPTHR,0.198754329,-0.153271623,,Q8BJI1.cif,Q8BJI1-680-12735,680-692,"682,683,684,685,686,687,688,689,690,691,692",,680,Region,680-727,Disordered
Q8BL65,ABLM2,475,TNSPDLDSQSLSLSSGTDQEPLQR,0.408266071,0.283114689,,Q8BL65.cif,Q8BL65-475-12735,475-498,,,,Compositional bias,476-496,Polar residues
Q8BMF4,ODP2,350,VFVSPLAK,0.036441116,1.240517715,,Q8BMF4.cif,Q8BMF4-350-12735,350-357,"354,355,356,357",352,,Domain,351-388,Peripheral subunit-binding (PSBD)
Q8BMP6,GCP60,320,VNTAGASDTLSVNGQAK,0.835572557,0.160910647,,Q8BMP6.cif,Q8BMP6-320-12735,320-336,,,,Region,319-346,Disordered
Q8BMP6,GCP60,320,VNTAGASDTLSVNGQAK,0.835572557,0.160910647,,Q8BMP6.cif,Q8BMP6-320-12735,320-336,,,,Compositional bias,319-339,Polar residues
Q8BRT1,CLAP2,1010,DYNPYNYSDSISPFNK,0.11280256,-0.626531362,,Q8BRT1.cif,Q8BRT1-1010-12735,1010-1025,,,,Region,1009-1286,Required for cortical localization
Q8BTW9,PAK4,276,ALAAPAVPPAPGPPGPR,0.010758625,0.980366806,,Q8BTW9.cif,Q8BTW9-276-12735,276-292,"282,283,284,285,286,287,288",,,Compositional bias,277-295,Pro residues
Q8BUK6,HOOK3,685,LASTGSGQSFLAR,0.247061731,0.321302651,,Q8BUK6.cif,Q8BUK6-685-12735,685-697,"685,686,687,694,695,696,697",,690,Compositional bias,686-710,Polar residues
Q8BUV3,GEPH,259,DTASLSTTPSESPR,0.188929419,-0.429976298,,Q8BUV3.cif,Q8BUV3-259-12735,259-272,,,,Compositional bias,260-287,Polar residues
Q8BUY8,GASP2,520,NAELGAEGEEQDSVAQR,0.080681336,1.650568612,,Q8BUY8.cif,Q8BUY8-520-12735,520-536,,,,Compositional bias,519-534,Basic and acidic residues
Q8C033,ARHGA,1254,NDLSSSSGSLNLSHGSSSLEHR,0.091690599,-1.140893465,,Q8C033.cif,Q8C033-1254-12735,1254-1275,,,,Region,1253-1306,Disordered
Q8C033,ARHGA,1254,NDLSSSSGSLNLSHGSSSLEHR,0.091690599,-1.140893465,,Q8C033.cif,Q8C033-1254-12735,1254-1275,,,,Compositional bias,1253-1277,Polar residues
Q8C129,LCAP,76,LLGMSFMNR,0.947010678,-0.018542134,,Q8C129.cif,Q8C129-76-12735,76-84,,,,Motif,76-77,Dileucine internalization motif
Q8C1B7,11-Sep,400,AAAQLLQSQAQQSGAQQTK,0.278471656,-0.448443546,,Q8C1B7.cif,Q8C1B7-400-12735,400-418,"400,401,402,403,404,405,406,407,408,409,410,411",,"413,416",Region,400-431,Disordered
Q8C419,GP158,1181,SVTLPASSALSANKIPGPQK,0.458123375,-0.34335672,,Q8C419.cif,Q8C419-1181-12735,1181-1200,,,,Compositional bias,1180-1200,Polar residues
Q8C754,VPS52,195,FLEQLQELDAK,0.482521776,0.252946189,,Q8C754.cif,Q8C754-195-12735,195-205,"195,196,197,198,199,200,201,202,203,204,205",,,Coiled coil,194-214,
Q8C854,MYEF2,2,ADADKSEAAAGDDGSQQQPAEPR,0.190198353,0.356511743,,Q8C854.cif,Q8C854-2-12735,2-24,,,,Region,1-92,Disordered
Q8C854,MYEF2,513,GNQIFVR,0.756440241,0.054276025,,Q8C854.cif,Q8C854-513-12735,513-519,,"515,516,517,518,519",514,Domain,514-590,RRM 3
Q8CC35,SYNPO,567,SPPSYSTLYPSSDPK,0.874950199,0.070410256,,Q8CC35.cif,Q8CC35-567-12735,567-581,"567,568,569,570",,,Motif,568-571,PPxY motif
Q8CC35,SYNPO,567,SPPSYSTLYPSSDPKPSHLK,0.684903818,0.11447288,,Q8CC35.cif,Q8CC35-567-12735,567-586,"567,568,569,570",,,Motif,568-571,PPxY motif
Q8K0U4,HS12A,2,ADKEAGGGDAGPR,0.75791886,-0.037600356,,Q8K0U4.cif,Q8K0U4-2-12735,2-14,,,,Region,1-45,Disordered
Q8K0U4,HS12A,15,ETAPTSTYSSPAR,0.592219818,-0.106763224,,Q8K0U4.cif,Q8K0U4-15-12735,15-27,"25,26,27",,,Compositional bias,16-45,Polar residues
Q8K394,PLCL2,736,EEVSFFSANTK,0.062531719,-0.422130339,,Q8K394.cif,Q8K394-736-12735,736-746,,,"737,738,746",Domain,735-864,C2
Q8K4G5,ABLM1,721,YDSPLHSASHAPSSK,0.059743421,0.538172141,,Q8K4G5.cif,Q8K4G5-721-12735,721-735,,,,Compositional bias,722-741,Polar residues
Q8R001,MARE2,235,SDKDLETQVIQLNEQVHSLK,0.215967172,-0.543698163,,Q8R001.cif,Q8R001-235-12735,235-254,"235,236,237,238,239,240,241,242,243,244,245,246,247,248,249,250,251,252,253,254",,,Domain,235-305,EB1 C-terminal
Q8R1Q8,DC1L1,505,KPASVSPTTPTSPTEGEAS,0.534621503,-0.245294312,,Q8R1Q8.cif,Q8R1Q8-505-12735,505-523,,,,Compositional bias,506-523,Polar residues
Q8R1Q8,DC1L1,456,TGSPGGPGVGGSPGGGAAGASPSLPPSAK,0.224225159,0.45077298,,Q8R1Q8.cif,Q8R1Q8-456-12735,456-484,,,456,Region,457-523,Disordered
Q8R361,RFIP5,579,DSAVLDQSAK,0.953963603,-0.014493473,,Q8R361.cif,Q8R361-579-12735,579-588,"580,581,582,587,588",,,Domain,578-640,FIP-RBD
Q8VCD6,REEP2,207,TETSEDDLGDKAPKR,0.152381961,-0.113285338,,Q8VCD6.cif,Q8VCD6-207-12735,207-221,,,,Compositional bias,206-230,Basic and acidic residues
Q8VEK0,CC50A,2,AMNYSAKDEVDGGPAGPPGGAAK,0.00574813,-0.924611349,,Q8VEK0.cif,Q8VEK0-2-12735,2-24,,,"14,19,20",Region,1-28,Disordered
Q8VI24,SATB2,162,LEDLPAEQWNHATVR,0.952935394,0.009405673,,Q8VI24.cif,Q8VI24-162-12735,162-176,"167,168,169,172,173,174,175,176",,"164,165",Domain,161-234,CUTL
Q8VIJ6,SFPQ,488,SLDEMEK,0.49102353,-0.228378283,,Q8VIJ6.cif,Q8VIJ6-488-12735,488-494,"488,489,490,491,492,493,494",,,Coiled coil,489-588,
Q91V12,BACH,342,PMPVPQLVPETEDEKKR,0.661078271,0.127134915,,Q91V12.cif,Q91V12-342-12735,342-358,"346,347,348,353,354,355,356,357,358","342,349",352,Region,342-381,Disordered
Q91V92,ACLY,5,AISEQTGKELLYK,0.595060224,0.213089094,,Q91V92.cif,Q91V92-5-12735,5-17,"8,9,10,11,12,13,14,15,16,17","5,6",,Domain,4-265,ATP-grasp
Q91X58,ZFN2B,152,AQGLASTSTAPSPSR,0.074373131,-0.374525858,,Q91X58.cif,Q91X58-152-12735,152-166,"152,153,154,155",,157,Region,152-184,Disordered
Q91XL9,OSBL1,880,AMENGEIDLASEEK,0.74968596,-0.043916313,,Q91XL9.cif,Q91XL9-880-12735,880-893,"880,881,882,886,887,888,889,890,891,892,893,894,895",,,Coiled coil,879-913,
Q91XL9,OSBL1,880,AMENGEIDLASEEKK,0.346331101,0.308748744,,Q91XL9.cif,Q91XL9-880-12735,880-894,"880,881,882,886,887,888,889,890,891,892,893,894,895",,,Coiled coil,879-913,
Q91XL9,OSBL1,880,AMENGEIDLASEEKKR,0.557203407,0.232855093,,Q91XL9.cif,Q91XL9-880-12735,880-895,"880,881,882,886,887,888,889,890,891,892,893,894,895",,,Coiled coil,879-913,
Q920I9,WDR7,932,ARDSPPPSSNIVQGQIK,0.290605367,0.493669334,,Q920I9.cif,Q920I9-932-12735,932-948,"934,935,936,937,938,939,940",,,Compositional bias,933-947,Polar residues
Q920I9,WDR7,934,DSPPPSSNIVQGQIK,0.055591265,0.535992019,,Q920I9.cif,Q920I9-934-12735,934-948,"934,935,936,937,938,939,940",,,Compositional bias,933-947,Polar residues
Q922D4,PP6R3,598,HIAFTPESQR,0.151690458,-0.326505135,,Q922D4.cif,Q922D4-598-12735,598-607,,,,Region,599-844,Disordered
Q922S4,PDE2A,196,RPEAVQNTSVDASEDQKDEK,0.40484493,-0.106985391,,Q922S4.cif,Q922S4-196-12735,196-215,,,196,Region,197-217,Disordered
Q924T2,RT02,275,GSEGSGTSPVPDKSHSP,0.027854503,0.157100069,,Q924T2.cif,Q924T2-275-12735,275-291,"282,283,284",,277,Compositional bias,274-291,Polar residues
Q925N0,SFXN5,2,ADTATTASAASAAASAPNASTDAPPFQLGKPR,0.196978549,-1.198340997,,Q925N0.cif,Q925N0-2-12735,2-33,"25,27",,"18,22,23,24,26,31,33",Region,1-30,Disordered
Q925N0,SFXN5,2,ADTATTASAASAAASAPNASTDAPPFQLGKPR,0.196978549,-1.198340997,,Q925N0.cif,Q925N0-2-12735,2-33,"25,27",,"18,22,23,24,26,31,33",Compositional bias,1-23,Polar residues
Q99020,ROAA,238,EVYQQQQYGSGGR,0.7717771,-0.083520113,,Q99020.cif,Q99020-238-12735,238-250,"238,239,240,241,242,243,244,245,246",,"247,248,249",Region,239-285,Disordered
Q99JT9,MTND,2,VQAWYMDESTADPR,0.331583087,-0.470051352,,Q99JT9.cif,Q99JT9-2-12735,2-15,8,"3,4,5,6,7","9,12",Region,1-24,Disordered
Q99KN9,EPN4,306,ASPDQNASTHTPQSSAKPSVPSSK,0.133519118,0.417359406,,Q99KN9.cif,Q99KN9-306-12735,306-329,,,,Compositional bias,306-339,Polar residues
Q99PL6,UBXN6,70,ARGPTSQDSIR,0.523655257,0.344750271,,Q99PL6.cif,Q99PL6-70-12735,70-80,"75,76,77,78,79,80",,73,Compositional bias,69-102,Polar residues
Q99PT1,GDIR1,2,AEQEPTAEQLAQIAAENEEDEHSVNYKPPAQK,0.171064502,-0.737342764,,Q99PT1.cif,Q99PT1-2-12735,2-33,"5,6,7,8,9,10,11,12,13,14,15,16,17,18,19,29,30,31,32",,,Region,1-36,Disordered
Q9CPZ6,ORML3,1,MNVGTAHSEVNPNTR,0.968053174,-0.008632222,,Q9CPZ6.cif,Q9CPZ6-1-12735,1-15,"12,13,14",,10,Region,1-17,Important for ceramide level-sensing
Q9CQG9,TM100,2,TEESTKENLGAPK,0.280800469,-0.187459392,,Q9CQG9.cif,Q9CQG9-2-12735,2-14,,,,Region,1-23,Disordered
Q9CR16,PPID,18,VFFDVDIGGER,0.242237538,-1.349281518,,Q9CR16.cif,Q9CR16-18-12735,18-28,,"18,19,20,21,22,23,24,27,28",,Domain,19-183,PPIase cyclophilin-type
Q9CWJ9,PUR9,2,APSQLALFSVSDK,0.165133613,0.218029212,,Q9CWJ9.cif,Q9CWJ9-2-12735,2-14,"2,3,4,5","6,7,8,9,10,11",12,Domain,1-146,MGS-like
Q9CWK8,SNX2,299,MNESDAWFEEK,0.288601023,-0.192588243,,Q9CWK8.cif,Q9CWK8-299-12735,299-309,"304,305,306,307,308,309",,,Domain,299-519,BAR
Q9CX34,SGT1,246,NMYPSSSHYTR,0.8902981,0.063491997,,Q9CX34.cif,Q9CX34-246-12735,246-256,,,"251,253",Domain,247-336,SGS
Q9CY58,PAIRB,327,SKSEEAHAEDSVMDHHFR,0.18663166,0.758264677,,Q9CY58.cif,Q9CY58-327-12735,327-344,,,,Region,327-407,Disordered
Q9CY58,PAIRB,327,SKSEEAHAEDSVMDHHFR,0.18663166,0.758264677,,Q9CY58.cif,Q9CY58-327-12735,327-344,,,,Compositional bias,327-348,Basic and acidic residues
Q9D061,ACBD6,41,SLAELFEK,0.638119988,0.120399026,,Q9D061.cif,Q9D061-41-12735,41-48,"41,42,43,44,45,46,47,48",,,Domain,42-127,ACB
Q9D0J8,PTMS,2,SEKSVEAAAELSAK,0.675183801,0.111042557,,Q9D0J8.cif,Q9D0J8-2-12735,2-15,"3,4,5,6,7,8,9,10,11,12,13,14,15",,,Region,1-101,Disordered
Q9D0L8,MCES,114,RKLQPQDDEVPQK,0.496198004,-0.283773954,,Q9D0L8.cif,Q9D0L8-114-12735,114-126,,,,Motif,113-115,Nuclear localization signal
Q9D1G1,RAB1B,173,MGPGAASGGERPNLK,0.40961143,-0.117865395,,Q9D1G1.cif,Q9D1G1-173-12735,173-187,173,,"178,179",Region,174-201,Disordered
Q9DAR7,DCPS,2,ADTAPQLKR,0.281165688,-0.146080744,,Q9DAR7.cif,Q9DAR7-2-12735,2-10,,,,Region,1-36,Disordered
Q9DAR7,DCPS,2,ADTAPQLKR,0.281165688,-0.146080744,,Q9DAR7.cif,Q9DAR7-2-12735,2-10,,,,Compositional bias,1-18,Basic and acidic residues
Q9DAU1,CNPY3,246,ELGGLGEDANAEEEEGVQK,0.922879184,-0.015810716,,Q9DAU1.cif,Q9DAU1-246-12735,246-264,,,,Compositional bias,246-264,Basic and acidic residues
Q9DC07,LNEBL,133,GFTPVVDDPVTER,0.457224276,-0.075732646,,Q9DC07.cif,Q9DC07-133-12735,133-145,"143,144,145",,133,Repeat,133-159,Nebulin 3
Q9JK23,PSMG1,2,AATFFGEVVK,0.781486319,-0.095278248,,Q9JK23.cif,Q9JK23-2-12735,2-11,,"2,3,9,10",7,Region,1-38,Disordered
Q9JK48,SHLB1,1,MNIMDFNVK,0.748718532,-0.05033668,,Q9JK48.cif,Q9JK48-1-12735,1-9,"3,4,5,6,7,8,9",,,Region,1-30,Membrane-binding amphipathic helix
Q9JKB1,UCHL3,6,WLPLEANPEVTNQFLK,0.786171296,0.166508421,,Q9JKB1.cif,Q9JKB1-6-12735,6-21,"7,8,9,10,13,14,15,16,17,18,19,20,21",,,Domain,6-214,UCH
Q9JKN6,NOVA1,27,KRPLEAPPEAGSTK,0.055537466,0.627217475,,Q9JKN6.cif,Q9JKN6-27-12735,27-40,"32,33,34,35",,,Motif,27-43,Bipartite nuclear localization signal
Q9JMG7,HDGR3,11,AGDLVFAK,0.35576873,-0.201661228,,Q9JMG7.cif,Q9JMG7-11-12735,11-18,,"14,15,16,17,18",,Domain,11-68,PWWP
Q9QXS6,DREB,2,AGVSFSGHR,0.77649652,-0.04703965,,Q9QXS6.cif,Q9QXS6-2-12735,2-10,10,5,"7,8,9",Domain,3-134,ADF-H
Q9QXY6,EHD3,476,LPNSVLGK,0.422245977,-0.196842722,,Q9QXY6.cif,Q9QXY6-476-12735,476-483,"478,479,480,481,482,483",,,Domain,476-511,EF-hand
Q9QYJ0,DNJA2,9,LYDILGVPPGASENELKK,0.642171739,-0.295362228,,Q9QYJ0.cif,Q9QYJ0-9-12735,9-26,"9,10,11,12,13,21,22,23,24,25,26",,,Domain,8-70,J
Q9QYK9,KCC1B,313,LGQSPEGEEASR,0.452937044,0.288924231,,Q9QYK9.cif,Q9QYK9-313-12735,313-324,"313,319,320,321,322,323,324",,316,Region,314-343,Disordered
Q9QYS9,QKI,86,LYVPVKEYPDFNFVGR,0.068557249,0.356319425,,Q9QYS9.cif,Q9QYS9-86-12735,86-101,"98,99,100,101","86,87",,Domain,87-153,KH
Q9QZD9,EIF3I,283,GHFGPINSVAFHPDGK,0.809708404,-0.09471946,,Q9QZD9.cif,Q9QZD9-283-12735,283-298,,"288,289,290,291,292,293","285,286,297,298",Repeat,283-324,WD 5
Q9R0Y5,KAD1,132,RGETSGRVDDNEETIK,0.537511714,0.104634305,,Q9R0Y5.cif,Q9R0Y5-132-12735,132-147,"132,133,134,135,136,143,144,145,146,147",,142,Region,131-141,LID
Q9Z1B3,PLCB1,1173,ISEDSNHGSAPPSLASDAAK,0.303482631,-0.29047515,,Q9Z1B3.cif,Q9Z1B3-1173-12735,1173-1192,1173,,"1175,1176,1177",Region,1173-1216,Disordered
Q9Z1P6,NDUA7,81,AAESSAMAATEKK,0.939242606,0.061084743,,Q9Z1P6.cif,Q9Z1P6-81-12735,81-93,"92,93",,,Region,80-113,Disordered
Q9Z1S5,SEP3,329,LNDNGGLPPVSVDTEESHDSNP,0.111509106,-1.026722792,,Q9Z1S5.cif,Q9Z1S5-329-12735,329-350,"329,330,331",,,Region,328-350,Disordered
Q9Z1X4,ILF3,524,HGKNPVMELNEK,0.559320593,0.087029569,,Q9Z1X4.cif,Q9Z1X4-524-12735,524-535,"528,529,530,531,532,533,534,535",,"525,526",Domain,524-590,DRBM 2
Q9Z2D6,MECP2,90,DRGPMYDDPTLPEGWTR,0.382270025,-0.18222309,,Q9Z2D6.cif,Q9Z2D6-90-12735,90-106,"90,101","105,106","93,96,100",Domain,90-162,MBD
Q9Z2Y3,HOME1,194,HWEAELATLK,0.081294878,0.240335379,,Q9Z2Y3.cif,Q9Z2Y3-194-12735,194-203,"194,195,196,197,198,199,200,201,202,203",,,Coiled coil,193-364,
